id_proveedor,cuit,nombre,provincia,rubro
PROV-0001,30-31960560-2,Empresa PROV-0001,Neuquén,Hardware
PROV-0002,30-65394348-8,Empresa PROV-0002,Neuquén,Consultoría
PROV-0003,30-56407851-8,Empresa PROV-0003,Mendoza,Limpieza
PROV-0004,30-70699337-4,Empresa PROV-0004,Buenos Aires,Catering
PROV-0005,30-60241308-7,Empresa PROV-0005,CABA,Hardware
PROV-0006,30-16279588-8,Empresa PROV-0006,CABA,Consultoría
PROV-0007,30-52653638-5,Empresa PROV-0007,Buenos Aires,Catering
PROV-0008,30-16136277-3,Empresa PROV-0008,Neuquén,Librería
PROV-0009,30-37132394-3,Empresa PROV-0009,Neuquén,Limpieza
PROV-0010,30-35529626-9,Empresa PROV-0010,Buenos Aires,Catering
PROV-0011,30-19487240-8,Empresa PROV-0011,Santa Fe,Mantenimiento
PROV-0012,30-49070387-1,Empresa PROV-0012,Neuquén,Catering
PROV-0013,30-63863440-1,Empresa PROV-0013,Córdoba,Hardware
PROV-0014,30-54296518-5,Empresa PROV-0014,Buenos Aires,Consultoría
PROV-0015,30-76422572-4,Empresa PROV-0015,Santa Fe,Mantenimiento
PROV-0016,30-75620976-0,Empresa PROV-0016,Mendoza,Hardware
PROV-0017,30-92753831-7,Empresa PROV-0017,Santa Fe,Consultoría
PROV-0018,30-32450959-1,Empresa PROV-0018,CABA,Consultoría
PROV-0019,30-41889434-5,Empresa PROV-0019,Mendoza,Consultoría
PROV-0020,30-24430733-7,Empresa PROV-0020,Buenos Aires,Librería
PROV-0021,30-69350132-5,Empresa PROV-0021,Neuquén,Limpieza
PROV-0022,30-74166972-9,Empresa PROV-0022,Santa Fe,Consultoría
PROV-0023,30-20787429-5,Empresa PROV-0023,Mendoza,Mantenimiento
PROV-0024,30-77256198-5,Empresa PROV-0024,Córdoba,Consultoría
PROV-0025,30-20394445-7,Empresa PROV-0025,Neuquén,Librería
PROV-0026,30-93028429-3,Empresa PROV-0026,Neuquén,Mantenimiento
PROV-0027,30-77736129-5,Empresa PROV-0027,Santa Fe,Librería
PROV-0028,30-40010995-2,Empresa PROV-0028,Santa Fe,Hardware
PROV-0029,30-38440737-3,Empresa PROV-0029,Santa Fe,Catering
PROV-0030,30-73843987-0,Empresa PROV-0030,Neuquén,Catering
PROV-0031,30-18269081-3,Empresa PROV-0031,Neuquén,Mantenimiento
PROV-0032,30-94168172-3,Empresa PROV-0032,Mendoza,Consultoría
PROV-0033,30-83437956-8,Empresa PROV-0033,Santa Fe,Catering
PROV-0034,30-81062111-5,Empresa PROV-0034,Santa Fe,Consultoría
PROV-0035,30-29252476-6,Empresa PROV-0035,Buenos Aires,Hardware
PROV-0036,30-71914249-0,Empresa PROV-0036,Santa Fe,Hardware
PROV-0037,30-22663349-9,Empresa PROV-0037,Neuquén,Limpieza
PROV-0038,30-70445440-8,Empresa PROV-0038,Santa Fe,Consultoría
PROV-0039,30-85405037-8,Empresa PROV-0039,CABA,Librería
PROV-0040,30-70996468-2,Empresa PROV-0040,Santa Fe,Librería
PROV-0041,30-13016295-9,Empresa PROV-0041,CABA,Librería
PROV-0042,30-31493764-6,Empresa PROV-0042,Buenos Aires,Limpieza
PROV-0043,30-60953818-5,Empresa PROV-0043,Buenos Aires,Catering
PROV-0044,30-66816041-1,Empresa PROV-0044,Mendoza,Catering
PROV-0045,30-13872402-8,Empresa PROV-0045,Santa Fe,Catering
PROV-0046,30-32997571-9,Empresa PROV-0046,Neuquén,Consultoría
PROV-0047,30-74181370-7,Empresa PROV-0047,Córdoba,Limpieza
PROV-0048,30-79993982-0,Empresa PROV-0048,Neuquén,Librería
PROV-0049,30-34449607-1,Empresa PROV-0049,Neuquén,Mantenimiento
PROV-0050,30-63059093-6,Empresa PROV-0050,Buenos Aires,Consultoría
PROV-0051,30-17902894-5,Empresa PROV-0051,Mendoza,Librería
PROV-0052,30-27372538-1,Empresa PROV-0052,Córdoba,Catering
PROV-0053,30-36952437-1,Empresa PROV-0053,Córdoba,Catering
PROV-0054,30-67935430-3,Empresa PROV-0054,Mendoza,Catering
PROV-0055,30-20757739-3,Empresa PROV-0055,Buenos Aires,Limpieza
PROV-0056,30-63213938-6,Empresa PROV-0056,Buenos Aires,Catering
PROV-0057,30-45637574-0,Empresa PROV-0057,Neuquén,Hardware
PROV-0058,30-41138367-0,Empresa PROV-0058,Buenos Aires,Hardware
PROV-0059,30-22607764-7,Empresa PROV-0059,CABA,Hardware
PROV-0060,30-85219604-7,Empresa PROV-0060,Buenos Aires,Librería
PROV-0061,30-22383298-5,Empresa PROV-0061,Neuquén,Consultoría
PROV-0062,30-15368108-2,Empresa PROV-0062,CABA,Mantenimiento
PROV-0063,30-52305820-4,Empresa PROV-0063,Buenos Aires,Hardware
PROV-0064,30-46916759-8,Empresa PROV-0064,Córdoba,Consultoría
PROV-0065,30-51347335-6,Empresa PROV-0065,CABA,Librería
PROV-0066,30-95063206-2,Empresa PROV-0066,Buenos Aires,Limpieza
PROV-0067,30-27630810-7,Empresa PROV-0067,Santa Fe,Limpieza
PROV-0068,30-73945655-0,Empresa PROV-0068,CABA,Mantenimiento
PROV-0069,30-98862103-8,Empresa PROV-0069,Santa Fe,Consultoría
PROV-0070,30-66616553-1,Empresa PROV-0070,Santa Fe,Catering
PROV-0071,30-25281447-2,Empresa PROV-0071,Mendoza,Hardware
PROV-0072,30-36829591-0,Empresa PROV-0072,Neuquén,Consultoría
PROV-0073,30-29843314-9,Empresa PROV-0073,Neuquén,Consultoría
PROV-0074,30-56637380-4,Empresa PROV-0074,Córdoba,Mantenimiento
PROV-0075,30-83479103-6,Empresa PROV-0075,Neuquén,Librería
PROV-0076,30-26921054-3,Empresa PROV-0076,Mendoza,Hardware
PROV-0077,30-78677273-0,Empresa PROV-0077,Córdoba,Limpieza
PROV-0078,30-76031779-8,Empresa PROV-0078,Mendoza,Librería
PROV-0079,30-80950779-6,Empresa PROV-0079,Buenos Aires,Librería
PROV-0080,30-85391296-7,Empresa PROV-0080,Mendoza,Hardware
PROV-0081,30-40804300-7,Empresa PROV-0081,Mendoza,Limpieza
PROV-0082,30-49129377-4,Empresa PROV-0082,Córdoba,Catering
PROV-0083,30-43846457-9,Empresa PROV-0083,Neuquén,Limpieza
PROV-0084,30-77366901-1,Empresa PROV-0084,CABA,Mantenimiento
PROV-0085,30-81029974-5,Empresa PROV-0085,Santa Fe,Hardware
PROV-0086,30-32601284-6,Empresa PROV-0086,Santa Fe,Librería
PROV-0087,30-86490819-3,Empresa PROV-0087,Buenos Aires,Catering
PROV-0088,30-54615734-4,Empresa PROV-0088,Córdoba,Librería
PROV-0089,30-55973062-3,Empresa PROV-0089,CABA,Mantenimiento
PROV-0090,30-68494624-0,Empresa PROV-0090,Buenos Aires,Librería
PROV-0091,30-62777471-3,Empresa PROV-0091,Córdoba,Hardware
PROV-0092,30-60546029-3,Empresa PROV-0092,Neuquén,Catering
PROV-0093,30-30998238-7,Empresa PROV-0093,Mendoza,Limpieza
PROV-0094,30-39351477-3,Empresa PROV-0094,Neuquén,Mantenimiento
PROV-0095,30-92484569-2,Empresa PROV-0095,CABA,Consultoría
PROV-0096,30-60706152-6,Empresa PROV-0096,Buenos Aires,Librería
PROV-0097,30-96483818-5,Empresa PROV-0097,Santa Fe,Mantenimiento
PROV-0098,30-21085097-1,Empresa PROV-0098,Neuquén,Catering
PROV-0099,30-20823893-4,Empresa PROV-0099,Santa Fe,Catering
PROV-0100,30-40458970-4,Empresa PROV-0100,Santa Fe,Librería
PROV-0101,30-24339103-3,Empresa PROV-0101,Buenos Aires,Hardware
PROV-0102,30-61053963-4,Empresa PROV-0102,Neuquén,Librería
PROV-0103,30-90131170-8,Empresa PROV-0103,Mendoza,Librería
PROV-0104,30-89053471-2,Empresa PROV-0104,Santa Fe,Catering
PROV-0105,30-23312871-3,Empresa PROV-0105,Buenos Aires,Consultoría
PROV-0106,30-84604190-2,Empresa PROV-0106,Neuquén,Consultoría
PROV-0107,30-89763604-4,Empresa PROV-0107,Neuquén,Consultoría
PROV-0108,30-35927770-0,Empresa PROV-0108,Buenos Aires,Hardware
PROV-0109,30-60824083-2,Empresa PROV-0109,Mendoza,Limpieza
PROV-0110,30-83243449-4,Empresa PROV-0110,Santa Fe,Limpieza
PROV-0111,30-73991307-2,Empresa PROV-0111,Santa Fe,Limpieza
PROV-0112,30-80751299-5,Empresa PROV-0112,Córdoba,Consultoría
PROV-0113,30-59797729-6,Empresa PROV-0113,Buenos Aires,Mantenimiento
PROV-0114,30-21564644-7,Empresa PROV-0114,Mendoza,Consultoría
PROV-0115,30-77952524-3,Empresa PROV-0115,Buenos Aires,Librería
PROV-0116,30-33450422-1,Empresa PROV-0116,CABA,Mantenimiento
PROV-0117,30-11303272-5,Empresa PROV-0117,CABA,Hardware
PROV-0118,30-88055123-7,Empresa PROV-0118,Córdoba,Limpieza
PROV-0119,30-88588210-2,Empresa PROV-0119,Mendoza,Mantenimiento
PROV-0120,30-14260495-7,Empresa PROV-0120,Córdoba,Consultoría
PROV-0121,30-87670035-0,Empresa PROV-0121,Córdoba,Librería
PROV-0122,30-57007319-2,Empresa PROV-0122,CABA,Limpieza
PROV-0123,30-80879785-1,Empresa PROV-0123,Mendoza,Mantenimiento
PROV-0124,30-46708732-3,Empresa PROV-0124,Mendoza,Hardware
PROV-0125,30-76193398-9,Empresa PROV-0125,Córdoba,Consultoría
PROV-0126,30-84889290-8,Empresa PROV-0126,Córdoba,Librería
PROV-0127,30-49684551-7,Empresa PROV-0127,Neuquén,Limpieza
PROV-0128,30-68356060-1,Empresa PROV-0128,Neuquén,Mantenimiento
PROV-0129,30-10547566-1,Empresa PROV-0129,Neuquén,Limpieza
PROV-0130,30-14738658-7,Empresa PROV-0130,Buenos Aires,Mantenimiento
PROV-0131,30-33996444-5,Empresa PROV-0131,Mendoza,Mantenimiento
PROV-0132,30-95112463-6,Empresa PROV-0132,Buenos Aires,Hardware
PROV-0133,30-35585138-1,Empresa PROV-0133,Mendoza,Limpieza
PROV-0134,30-96411110-8,Empresa PROV-0134,Neuquén,Librería
PROV-0135,30-53555573-7,Empresa PROV-0135,Córdoba,Hardware
PROV-0136,30-74989203-8,Empresa PROV-0136,Mendoza,Mantenimiento
PROV-0137,30-81330693-1,Empresa PROV-0137,Buenos Aires,Hardware
PROV-0138,30-88844627-8,Empresa PROV-0138,CABA,Catering
PROV-0139,30-17388085-3,Empresa PROV-0139,Córdoba,Librería
PROV-0140,30-86262522-3,Empresa PROV-0140,Neuquén,Catering
PROV-0141,30-23665011-0,Empresa PROV-0141,Neuquén,Consultoría
PROV-0142,30-22893214-1,Empresa PROV-0142,CABA,Consultoría
PROV-0143,30-20078730-2,Empresa PROV-0143,Santa Fe,Consultoría
PROV-0144,30-13197382-0,Empresa PROV-0144,Santa Fe,Hardware
PROV-0145,30-22448543-7,Empresa PROV-0145,Córdoba,Mantenimiento
PROV-0146,30-79738983-5,Empresa PROV-0146,Santa Fe,Limpieza
PROV-0147,30-34361588-9,Empresa PROV-0147,Córdoba,Hardware
PROV-0148,30-59716040-0,Empresa PROV-0148,Neuquén,Catering
PROV-0149,30-92647159-1,Empresa PROV-0149,Santa Fe,Hardware
PROV-0150,30-50409037-0,Empresa PROV-0150,Santa Fe,Limpieza
PROV-0151,30-57960179-2,Empresa PROV-0151,Mendoza,Consultoría
PROV-0152,30-77695115-2,Empresa PROV-0152,Mendoza,Librería
PROV-0153,30-20400213-9,Empresa PROV-0153,Mendoza,Limpieza
PROV-0154,30-66503621-4,Empresa PROV-0154,Córdoba,Mantenimiento
PROV-0155,30-78516411-2,Empresa PROV-0155,CABA,Consultoría
PROV-0156,30-11936145-9,Empresa PROV-0156,Neuquén,Hardware
PROV-0157,30-83910325-4,Empresa PROV-0157,Mendoza,Mantenimiento
PROV-0158,30-40884669-4,Empresa PROV-0158,CABA,Librería
PROV-0159,30-82918419-0,Empresa PROV-0159,CABA,Mantenimiento
PROV-0160,30-48278415-3,Empresa PROV-0160,Mendoza,Consultoría
PROV-0161,30-38536351-9,Empresa PROV-0161,Mendoza,Catering
PROV-0162,30-19778872-3,Empresa PROV-0162,Mendoza,Consultoría
PROV-0163,30-66370683-1,Empresa PROV-0163,Córdoba,Catering
PROV-0164,30-74809235-4,Empresa PROV-0164,Neuquén,Librería
PROV-0165,30-86535348-4,Empresa PROV-0165,Córdoba,Catering
PROV-0166,30-54517036-3,Empresa PROV-0166,Buenos Aires,Hardware
PROV-0167,30-32145403-5,Empresa PROV-0167,Buenos Aires,Librería
PROV-0168,30-48675604-5,Empresa PROV-0168,Neuquén,Mantenimiento
PROV-0169,30-34526395-1,Empresa PROV-0169,Mendoza,Librería
PROV-0170,30-21961533-3,Empresa PROV-0170,Córdoba,Catering
PROV-0171,30-45112393-6,Empresa PROV-0171,Mendoza,Catering
PROV-0172,30-42612569-3,Empresa PROV-0172,Santa Fe,Consultoría
PROV-0173,30-75938484-2,Empresa PROV-0173,Neuquén,Catering
PROV-0174,30-37566237-6,Empresa PROV-0174,Córdoba,Catering
PROV-0175,30-60865411-6,Empresa PROV-0175,Neuquén,Hardware
PROV-0176,30-35977391-1,Empresa PROV-0176,Neuquén,Librería
PROV-0177,30-91456782-4,Empresa PROV-0177,Santa Fe,Librería
PROV-0178,30-83968449-8,Empresa PROV-0178,Córdoba,Hardware
PROV-0179,30-27546049-5,Empresa PROV-0179,CABA,Hardware
PROV-0180,30-54814993-1,Empresa PROV-0180,Santa Fe,Mantenimiento
PROV-0181,30-47795849-9,Empresa PROV-0181,Mendoza,Hardware
PROV-0182,30-61029826-4,Empresa PROV-0182,Córdoba,Librería
PROV-0183,30-39312044-4,Empresa PROV-0183,Córdoba,Librería
PROV-0184,30-64278943-0,Empresa PROV-0184,Córdoba,Limpieza
PROV-0185,30-34005494-0,Empresa PROV-0185,CABA,Consultoría
PROV-0186,30-10323465-5,Empresa PROV-0186,Córdoba,Librería
PROV-0187,30-88805051-0,Empresa PROV-0187,Neuquén,Mantenimiento
PROV-0188,30-34593599-1,Empresa PROV-0188,Buenos Aires,Limpieza
PROV-0189,30-94954340-6,Empresa PROV-0189,Córdoba,Limpieza
PROV-0190,30-88206870-9,Empresa PROV-0190,CABA,Limpieza
PROV-0191,30-30943591-1,Empresa PROV-0191,Neuquén,Consultoría
PROV-0192,30-58666838-1,Empresa PROV-0192,CABA,Consultoría
PROV-0193,30-13638141-8,Empresa PROV-0193,Neuquén,Mantenimiento
PROV-0194,30-56825539-7,Empresa PROV-0194,Santa Fe,Librería
PROV-0195,30-31900159-3,Empresa PROV-0195,CABA,Librería
PROV-0196,30-95449149-1,Empresa PROV-0196,Mendoza,Consultoría
PROV-0197,30-77524295-1,Empresa PROV-0197,Buenos Aires,Limpieza
PROV-0198,30-71659594-3,Empresa PROV-0198,Santa Fe,Hardware
PROV-0199,30-35217127-4,Empresa PROV-0199,Córdoba,Consultoría
PROV-0200,30-18183663-4,Empresa PROV-0200,Córdoba,Catering
PROV-0201,30-59271047-9,Empresa PROV-0201,Buenos Aires,Librería
PROV-0202,30-87555860-5,Empresa PROV-0202,Neuquén,Catering
PROV-0203,30-21674296-5,Empresa PROV-0203,Córdoba,Mantenimiento
PROV-0204,30-10803059-3,Empresa PROV-0204,Buenos Aires,Catering
PROV-0205,30-88849240-3,Empresa PROV-0205,Neuquén,Consultoría
PROV-0206,30-32580420-6,Empresa PROV-0206,CABA,Catering
PROV-0207,30-90741643-1,Empresa PROV-0207,Neuquén,Limpieza
PROV-0208,30-58903085-3,Empresa PROV-0208,Mendoza,Librería
PROV-0209,30-32346486-3,Empresa PROV-0209,Córdoba,Hardware
PROV-0210,30-90481762-4,Empresa PROV-0210,Santa Fe,Catering
PROV-0211,30-99234060-1,Empresa PROV-0211,Mendoza,Limpieza
PROV-0212,30-93958768-6,Empresa PROV-0212,Mendoza,Limpieza
PROV-0213,30-62548018-0,Empresa PROV-0213,Buenos Aires,Consultoría
PROV-0214,30-68072196-3,Empresa PROV-0214,CABA,Mantenimiento
PROV-0215,30-57130502-1,Empresa PROV-0215,CABA,Librería
PROV-0216,30-90748220-4,Empresa PROV-0216,Córdoba,Librería
PROV-0217,30-97765522-4,Empresa PROV-0217,Mendoza,Catering
PROV-0218,30-73415257-4,Empresa PROV-0218,Mendoza,Mantenimiento
PROV-0219,30-21428234-3,Empresa PROV-0219,Mendoza,Consultoría
PROV-0220,30-98310293-8,Empresa PROV-0220,Santa Fe,Hardware
PROV-0221,30-38324620-9,Empresa PROV-0221,Buenos Aires,Limpieza
PROV-0222,30-74349488-7,Empresa PROV-0222,Córdoba,Limpieza
PROV-0223,30-36373562-8,Empresa PROV-0223,Neuquén,Librería
PROV-0224,30-24186091-7,Empresa PROV-0224,Mendoza,Catering
PROV-0225,30-44623675-5,Empresa PROV-0225,Buenos Aires,Limpieza
PROV-0226,30-84583977-7,Empresa PROV-0226,CABA,Mantenimiento
PROV-0227,30-82443582-1,Empresa PROV-0227,Buenos Aires,Hardware
PROV-0228,30-60180801-0,Empresa PROV-0228,CABA,Consultoría
PROV-0229,30-16741036-9,Empresa PROV-0229,Neuquén,Librería
PROV-0230,30-76368652-4,Empresa PROV-0230,Córdoba,Librería
PROV-0231,30-77049258-1,Empresa PROV-0231,Córdoba,Limpieza
PROV-0232,30-75430990-8,Empresa PROV-0232,Santa Fe,Catering
PROV-0233,30-43194767-5,Empresa PROV-0233,Neuquén,Hardware
PROV-0234,30-44572388-4,Empresa PROV-0234,CABA,Catering
PROV-0235,30-87088294-8,Empresa PROV-0235,Neuquén,Catering
PROV-0236,30-99173976-2,Empresa PROV-0236,CABA,Limpieza
PROV-0237,30-65648414-8,Empresa PROV-0237,Córdoba,Consultoría
PROV-0238,30-96894596-2,Empresa PROV-0238,Santa Fe,Consultoría
PROV-0239,30-77196968-5,Empresa PROV-0239,Mendoza,Consultoría
PROV-0240,30-41289587-8,Empresa PROV-0240,Santa Fe,Catering
PROV-0241,30-47108240-8,Empresa PROV-0241,Santa Fe,Mantenimiento
PROV-0242,30-88891013-8,Empresa PROV-0242,Santa Fe,Mantenimiento
PROV-0243,30-57833351-2,Empresa PROV-0243,Mendoza,Catering
PROV-0244,30-83421051-4,Empresa PROV-0244,CABA,Hardware
PROV-0245,30-13471878-5,Empresa PROV-0245,Córdoba,Catering
PROV-0246,30-50511974-4,Empresa PROV-0246,Córdoba,Limpieza
PROV-0247,30-14169958-1,Empresa PROV-0247,Buenos Aires,Hardware
PROV-0248,30-37280548-7,Empresa PROV-0248,CABA,Hardware
PROV-0249,30-22165280-6,Empresa PROV-0249,CABA,Librería
PROV-0250,30-72931569-7,Empresa PROV-0250,Santa Fe,Hardware
PROV-0251,30-70182146-0,Empresa PROV-0251,Córdoba,Mantenimiento
PROV-0252,30-89606239-3,Empresa PROV-0252,Mendoza,Librería
PROV-0253,30-67044274-3,Empresa PROV-0253,Buenos Aires,Limpieza
PROV-0254,30-80588654-7,Empresa PROV-0254,Córdoba,Consultoría
PROV-0255,30-22289249-6,Empresa PROV-0255,CABA,Consultoría
PROV-0256,30-85161523-8,Empresa PROV-0256,Santa Fe,Librería
PROV-0257,30-55739041-2,Empresa PROV-0257,Buenos Aires,Consultoría
PROV-0258,30-63565727-7,Empresa PROV-0258,Neuquén,Consultoría
PROV-0259,30-53438649-9,Empresa PROV-0259,Neuquén,Limpieza
PROV-0260,30-90153460-2,Empresa PROV-0260,Buenos Aires,Consultoría
PROV-0261,30-24184206-9,Empresa PROV-0261,Buenos Aires,Hardware
PROV-0262,30-69699289-4,Empresa PROV-0262,Santa Fe,Limpieza
PROV-0263,30-41618676-5,Empresa PROV-0263,Neuquén,Limpieza
PROV-0264,30-98496283-3,Empresa PROV-0264,Buenos Aires,Mantenimiento
PROV-0265,30-53204288-6,Empresa PROV-0265,Mendoza,Consultoría
PROV-0266,30-64145412-4,Empresa PROV-0266,Santa Fe,Librería
PROV-0267,30-56444459-7,Empresa PROV-0267,Santa Fe,Hardware
PROV-0268,30-22457102-0,Empresa PROV-0268,Santa Fe,Hardware
PROV-0269,30-83713610-1,Empresa PROV-0269,Mendoza,Mantenimiento
PROV-0270,30-46516749-6,Empresa PROV-0270,Santa Fe,Librería
PROV-0271,30-43681504-7,Empresa PROV-0271,Neuquén,Mantenimiento
PROV-0272,30-37394837-0,Empresa PROV-0272,Mendoza,Consultoría
PROV-0273,30-10341773-1,Empresa PROV-0273,Mendoza,Mantenimiento
PROV-0274,30-32162367-1,Empresa PROV-0274,Mendoza,Catering
PROV-0275,30-60355044-2,Empresa PROV-0275,Neuquén,Catering
PROV-0276,30-67539690-3,Empresa PROV-0276,Córdoba,Limpieza
PROV-0277,30-68110258-9,Empresa PROV-0277,Córdoba,Catering
PROV-0278,30-84679294-8,Empresa PROV-0278,Neuquén,Limpieza
PROV-0279,30-62438854-3,Empresa PROV-0279,Santa Fe,Consultoría
PROV-0280,30-26059325-8,Empresa PROV-0280,Córdoba,Mantenimiento
PROV-0281,30-73162647-6,Empresa PROV-0281,Neuquén,Consultoría
PROV-0282,30-11324848-7,Empresa PROV-0282,Mendoza,Limpieza
PROV-0283,30-63025453-6,Empresa PROV-0283,Buenos Aires,Consultoría
PROV-0284,30-88019224-0,Empresa PROV-0284,Mendoza,Catering
PROV-0285,30-16490427-8,Empresa PROV-0285,Neuquén,Catering
PROV-0286,30-21641247-4,Empresa PROV-0286,Neuquén,Limpieza
PROV-0287,30-91350308-4,Empresa PROV-0287,CABA,Librería
PROV-0288,30-69268528-2,Empresa PROV-0288,Santa Fe,Librería
PROV-0289,30-69098252-9,Empresa PROV-0289,Neuquén,Consultoría
PROV-0290,30-42309249-7,Empresa PROV-0290,CABA,Catering
PROV-0291,30-12075870-8,Empresa PROV-0291,Santa Fe,Hardware
PROV-0292,30-77769035-4,Empresa PROV-0292,Buenos Aires,Hardware
PROV-0293,30-88117098-2,Empresa PROV-0293,Buenos Aires,Librería
PROV-0294,30-68015003-6,Empresa PROV-0294,CABA,Consultoría
PROV-0295,30-19836966-1,Empresa PROV-0295,CABA,Limpieza
PROV-0296,30-16433768-4,Empresa PROV-0296,Buenos Aires,Hardware
PROV-0297,30-16000543-1,Empresa PROV-0297,Buenos Aires,Librería
PROV-0298,30-78944457-5,Empresa PROV-0298,Santa Fe,Mantenimiento
PROV-0299,30-86207266-8,Empresa PROV-0299,Santa Fe,Mantenimiento
PROV-0300,30-78152961-3,Empresa PROV-0300,Mendoza,Catering
PROV-0301,30-79128986-4,Empresa PROV-0301,Buenos Aires,Mantenimiento
PROV-0302,30-70412200-5,Empresa PROV-0302,CABA,Hardware
PROV-0303,30-74967281-0,Empresa PROV-0303,Santa Fe,Consultoría
PROV-0304,30-84359047-1,Empresa PROV-0304,Córdoba,Librería
PROV-0305,30-77898533-4,Empresa PROV-0305,CABA,Consultoría
PROV-0306,30-69086756-3,Empresa PROV-0306,Buenos Aires,Librería
PROV-0307,30-46837495-1,Empresa PROV-0307,Buenos Aires,Limpieza
PROV-0308,30-18218637-8,Empresa PROV-0308,Córdoba,Limpieza
PROV-0309,30-47685686-3,Empresa PROV-0309,Santa Fe,Catering
PROV-0310,30-73291820-6,Empresa PROV-0310,Córdoba,Librería
PROV-0311,30-96685995-2,Empresa PROV-0311,Buenos Aires,Hardware
PROV-0312,30-22338219-2,Empresa PROV-0312,Neuquén,Hardware
PROV-0313,30-78956002-2,Empresa PROV-0313,Mendoza,Librería
PROV-0314,30-21943117-8,Empresa PROV-0314,Mendoza,Catering
PROV-0315,30-94628137-3,Empresa PROV-0315,Neuquén,Hardware
PROV-0316,30-48731746-3,Empresa PROV-0316,Mendoza,Hardware
PROV-0317,30-55224284-4,Empresa PROV-0317,CABA,Mantenimiento
PROV-0318,30-77823082-5,Empresa PROV-0318,Córdoba,Limpieza
PROV-0319,30-47406470-0,Empresa PROV-0319,Mendoza,Limpieza
PROV-0320,30-65721999-8,Empresa PROV-0320,CABA,Librería
PROV-0321,30-59575831-9,Empresa PROV-0321,Córdoba,Consultoría
PROV-0322,30-86100633-3,Empresa PROV-0322,Santa Fe,Catering
PROV-0323,30-17972405-6,Empresa PROV-0323,Neuquén,Limpieza
PROV-0324,30-72434013-4,Empresa PROV-0324,Neuquén,Limpieza
PROV-0325,30-24022742-7,Empresa PROV-0325,Córdoba,Librería
PROV-0326,30-68270916-5,Empresa PROV-0326,Neuquén,Limpieza
PROV-0327,30-39286734-2,Empresa PROV-0327,Neuquén,Limpieza
PROV-0328,30-96587655-9,Empresa PROV-0328,CABA,Hardware
PROV-0329,30-51096236-5,Empresa PROV-0329,Neuquén,Librería
PROV-0330,30-55019969-7,Empresa PROV-0330,Santa Fe,Mantenimiento
PROV-0331,30-13014406-0,Empresa PROV-0331,Santa Fe,Librería
PROV-0332,30-75407772-0,Empresa PROV-0332,Neuquén,Limpieza
PROV-0333,30-13765328-4,Empresa PROV-0333,Santa Fe,Limpieza
PROV-0334,30-48911819-3,Empresa PROV-0334,Córdoba,Limpieza
PROV-0335,30-75009558-5,Empresa PROV-0335,Buenos Aires,Hardware
PROV-0336,30-22644155-3,Empresa PROV-0336,Córdoba,Catering
PROV-0337,30-58024260-4,Empresa PROV-0337,CABA,Catering
PROV-0338,30-79250604-3,Empresa PROV-0338,Buenos Aires,Librería
PROV-0339,30-97270114-2,Empresa PROV-0339,Buenos Aires,Librería
PROV-0340,30-96929903-1,Empresa PROV-0340,Buenos Aires,Catering
PROV-0341,30-72305458-9,Empresa PROV-0341,Buenos Aires,Consultoría
PROV-0342,30-36987932-4,Empresa PROV-0342,Neuquén,Mantenimiento
PROV-0343,30-80386879-4,Empresa PROV-0343,Neuquén,Limpieza
PROV-0344,30-88005600-6,Empresa PROV-0344,Córdoba,Librería
PROV-0345,30-89251777-0,Empresa PROV-0345,Santa Fe,Limpieza
PROV-0346,30-67125681-1,Empresa PROV-0346,Buenos Aires,Limpieza
PROV-0347,30-11420316-1,Empresa PROV-0347,Buenos Aires,Mantenimiento
PROV-0348,30-47697987-5,Empresa PROV-0348,Mendoza,Consultoría
PROV-0349,30-98321231-2,Empresa PROV-0349,CABA,Librería
PROV-0350,30-69707133-4,Empresa PROV-0350,CABA,Limpieza
PROV-0351,30-19608864-7,Empresa PROV-0351,Santa Fe,Librería
PROV-0352,30-31965778-2,Empresa PROV-0352,Buenos Aires,Mantenimiento
PROV-0353,30-12199382-7,Empresa PROV-0353,Mendoza,Mantenimiento
PROV-0354,30-48194301-4,Empresa PROV-0354,CABA,Catering
PROV-0355,30-86345875-6,Empresa PROV-0355,Neuquén,Limpieza
PROV-0356,30-58811423-1,Empresa PROV-0356,Mendoza,Hardware
PROV-0357,30-86058977-1,Empresa PROV-0357,Santa Fe,Librería
PROV-0358,30-35796971-5,Empresa PROV-0358,CABA,Hardware
PROV-0359,30-86457950-1,Empresa PROV-0359,CABA,Mantenimiento
PROV-0360,30-84406596-8,Empresa PROV-0360,Neuquén,Mantenimiento
PROV-0361,30-16333431-9,Empresa PROV-0361,Santa Fe,Consultoría
PROV-0362,30-16149036-5,Empresa PROV-0362,Neuquén,Librería
PROV-0363,30-64975630-8,Empresa PROV-0363,Buenos Aires,Hardware
PROV-0364,30-86390412-7,Empresa PROV-0364,Buenos Aires,Hardware
PROV-0365,30-64860127-1,Empresa PROV-0365,Neuquén,Catering
PROV-0366,30-64620222-7,Empresa PROV-0366,Mendoza,Hardware
PROV-0367,30-87308165-4,Empresa PROV-0367,Córdoba,Librería
PROV-0368,30-58973269-4,Empresa PROV-0368,Neuquén,Mantenimiento
PROV-0369,30-65001568-7,Empresa PROV-0369,CABA,Hardware
PROV-0370,30-40506507-5,Empresa PROV-0370,Neuquén,Consultoría
PROV-0371,30-91017202-6,Empresa PROV-0371,Neuquén,Librería
PROV-0372,30-39215526-9,Empresa PROV-0372,CABA,Limpieza
PROV-0373,30-58666728-2,Empresa PROV-0373,CABA,Mantenimiento
PROV-0374,30-68359935-6,Empresa PROV-0374,Buenos Aires,Limpieza
PROV-0375,30-34230022-8,Empresa PROV-0375,Buenos Aires,Consultoría
PROV-0376,30-27649011-7,Empresa PROV-0376,Santa Fe,Consultoría
PROV-0377,30-67032050-4,Empresa PROV-0377,Buenos Aires,Hardware
PROV-0378,30-18798824-3,Empresa PROV-0378,Neuquén,Consultoría
PROV-0379,30-89141074-4,Empresa PROV-0379,Santa Fe,Hardware
PROV-0380,30-99270755-7,Empresa PROV-0380,Córdoba,Consultoría
PROV-0381,30-53200890-4,Empresa PROV-0381,Buenos Aires,Consultoría
PROV-0382,30-25281720-8,Empresa PROV-0382,Mendoza,Catering
PROV-0383,30-29021342-8,Empresa PROV-0383,Neuquén,Consultoría
PROV-0384,30-52862109-5,Empresa PROV-0384,Mendoza,Limpieza
PROV-0385,30-92042172-5,Empresa PROV-0385,Buenos Aires,Consultoría
PROV-0386,30-83533703-4,Empresa PROV-0386,Santa Fe,Consultoría
PROV-0387,30-83688211-9,Empresa PROV-0387,Neuquén,Hardware
PROV-0388,30-27572787-9,Empresa PROV-0388,Córdoba,Librería
PROV-0389,30-71013533-2,Empresa PROV-0389,Buenos Aires,Mantenimiento
PROV-0390,30-94581141-0,Empresa PROV-0390,Córdoba,Hardware
PROV-0391,30-61484264-4,Empresa PROV-0391,Neuquén,Mantenimiento
PROV-0392,30-75758136-6,Empresa PROV-0392,Buenos Aires,Mantenimiento
PROV-0393,30-65901114-2,Empresa PROV-0393,Neuquén,Limpieza
PROV-0394,30-90681066-2,Empresa PROV-0394,CABA,Hardware
PROV-0395,30-65471569-1,Empresa PROV-0395,Buenos Aires,Hardware
PROV-0396,30-50169358-1,Empresa PROV-0396,Santa Fe,Catering
PROV-0397,30-27097664-7,Empresa PROV-0397,Santa Fe,Catering
PROV-0398,30-35823988-8,Empresa PROV-0398,Buenos Aires,Consultoría
PROV-0399,30-97768815-6,Empresa PROV-0399,Santa Fe,Catering
PROV-0400,30-91770135-0,Empresa PROV-0400,Neuquén,Limpieza
PROV-0401,30-25292521-4,Empresa PROV-0401,Santa Fe,Hardware
PROV-0402,30-58943947-6,Empresa PROV-0402,Córdoba,Mantenimiento
PROV-0403,30-18741771-3,Empresa PROV-0403,CABA,Catering
PROV-0404,30-91689496-8,Empresa PROV-0404,Buenos Aires,Consultoría
PROV-0405,30-50261569-8,Empresa PROV-0405,Córdoba,Hardware
PROV-0406,30-38487271-8,Empresa PROV-0406,Neuquén,Librería
PROV-0407,30-47103294-6,Empresa PROV-0407,Buenos Aires,Catering
PROV-0408,30-47119610-7,Empresa PROV-0408,Córdoba,Mantenimiento
PROV-0409,30-52822121-9,Empresa PROV-0409,Córdoba,Consultoría
PROV-0410,30-31571519-6,Empresa PROV-0410,CABA,Hardware
PROV-0411,30-22887297-7,Empresa PROV-0411,Mendoza,Limpieza
PROV-0412,30-86328437-8,Empresa PROV-0412,Santa Fe,Mantenimiento
PROV-0413,30-87957209-1,Empresa PROV-0413,CABA,Catering
PROV-0414,30-49608719-8,Empresa PROV-0414,Mendoza,Catering
PROV-0415,30-27731816-9,Empresa PROV-0415,Buenos Aires,Consultoría
PROV-0416,30-82381100-6,Empresa PROV-0416,Santa Fe,Librería
PROV-0417,30-26615708-2,Empresa PROV-0417,CABA,Mantenimiento
PROV-0418,30-14972035-5,Empresa PROV-0418,Buenos Aires,Limpieza
PROV-0419,30-95939466-4,Empresa PROV-0419,Mendoza,Consultoría
PROV-0420,30-68650065-2,Empresa PROV-0420,CABA,Librería
PROV-0421,30-64759107-7,Empresa PROV-0421,CABA,Librería
PROV-0422,30-20052629-3,Empresa PROV-0422,Mendoza,Limpieza
PROV-0423,30-25379340-5,Empresa PROV-0423,Córdoba,Hardware
PROV-0424,30-61743159-5,Empresa PROV-0424,CABA,Librería
PROV-0425,30-60852790-2,Empresa PROV-0425,Buenos Aires,Mantenimiento
PROV-0426,30-40883519-0,Empresa PROV-0426,Neuquén,Mantenimiento
PROV-0427,30-99452563-9,Empresa PROV-0427,Neuquén,Mantenimiento
PROV-0428,30-29089652-9,Empresa PROV-0428,Córdoba,Librería
PROV-0429,30-87189073-3,Empresa PROV-0429,Córdoba,Hardware
PROV-0430,30-92399843-8,Empresa PROV-0430,Buenos Aires,Limpieza
PROV-0431,30-40064449-0,Empresa PROV-0431,Neuquén,Consultoría
PROV-0432,30-49098578-5,Empresa PROV-0432,Neuquén,Limpieza
PROV-0433,30-16181212-4,Empresa PROV-0433,Neuquén,Mantenimiento
PROV-0434,30-61360001-7,Empresa PROV-0434,Mendoza,Consultoría
PROV-0435,30-46829374-8,Empresa PROV-0435,Buenos Aires,Catering
PROV-0436,30-81539737-9,Empresa PROV-0436,Neuquén,Hardware
PROV-0437,30-30082076-0,Empresa PROV-0437,Mendoza,Consultoría
PROV-0438,30-45969706-3,Empresa PROV-0438,CABA,Mantenimiento
PROV-0439,30-39580233-1,Empresa PROV-0439,Mendoza,Librería
PROV-0440,30-84596628-8,Empresa PROV-0440,Santa Fe,Catering
PROV-0441,30-81458085-3,Empresa PROV-0441,CABA,Limpieza
PROV-0442,30-38331125-2,Empresa PROV-0442,Neuquén,Hardware
PROV-0443,30-99662487-3,Empresa PROV-0443,Neuquén,Hardware
PROV-0444,30-72901961-2,Empresa PROV-0444,Córdoba,Librería
PROV-0445,30-22188543-6,Empresa PROV-0445,Córdoba,Consultoría
PROV-0446,30-36981764-4,Empresa PROV-0446,CABA,Limpieza
PROV-0447,30-50463582-3,Empresa PROV-0447,Buenos Aires,Consultoría
PROV-0448,30-67790159-1,Empresa PROV-0448,Buenos Aires,Librería
PROV-0449,30-40762316-1,Empresa PROV-0449,Buenos Aires,Librería
PROV-0450,30-71992922-6,Empresa PROV-0450,CABA,Limpieza
PROV-0451,30-99161649-7,Empresa PROV-0451,Córdoba,Consultoría
PROV-0452,30-36987623-5,Empresa PROV-0452,Córdoba,Catering
PROV-0453,30-41208445-6,Empresa PROV-0453,Buenos Aires,Catering
PROV-0454,30-14365071-0,Empresa PROV-0454,Mendoza,Mantenimiento
PROV-0455,30-19773182-9,Empresa PROV-0455,Neuquén,Limpieza
PROV-0456,30-36010353-1,Empresa PROV-0456,Córdoba,Librería
PROV-0457,30-82124046-9,Empresa PROV-0457,Córdoba,Consultoría
PROV-0458,30-74787583-4,Empresa PROV-0458,Neuquén,Librería
PROV-0459,30-32237491-3,Empresa PROV-0459,Mendoza,Mantenimiento
PROV-0460,30-37649836-9,Empresa PROV-0460,Buenos Aires,Consultoría
PROV-0461,30-90952441-5,Empresa PROV-0461,CABA,Limpieza
PROV-0462,30-74222880-9,Empresa PROV-0462,Santa Fe,Limpieza
PROV-0463,30-93496546-7,Empresa PROV-0463,CABA,Catering
PROV-0464,30-69101961-8,Empresa PROV-0464,Mendoza,Limpieza
PROV-0465,30-86916344-7,Empresa PROV-0465,Buenos Aires,Consultoría
PROV-0466,30-50230030-2,Empresa PROV-0466,Santa Fe,Consultoría
PROV-0467,30-64311933-4,Empresa PROV-0467,Buenos Aires,Limpieza
PROV-0468,30-38530041-1,Empresa PROV-0468,Mendoza,Consultoría
PROV-0469,30-25825415-8,Empresa PROV-0469,Córdoba,Hardware
PROV-0470,30-78460549-7,Empresa PROV-0470,CABA,Consultoría
PROV-0471,30-89906390-9,Empresa PROV-0471,Santa Fe,Catering
PROV-0472,30-64151820-8,Empresa PROV-0472,Santa Fe,Mantenimiento
PROV-0473,30-31354421-0,Empresa PROV-0473,Santa Fe,Consultoría
PROV-0474,30-78339097-6,Empresa PROV-0474,CABA,Limpieza
PROV-0475,30-53425606-8,Empresa PROV-0475,CABA,Hardware
PROV-0476,30-99301733-3,Empresa PROV-0476,CABA,Mantenimiento
PROV-0477,30-90327718-5,Empresa PROV-0477,Neuquén,Librería
PROV-0478,30-35584452-0,Empresa PROV-0478,Buenos Aires,Mantenimiento
PROV-0479,30-28686646-0,Empresa PROV-0479,Buenos Aires,Limpieza
PROV-0480,30-96343463-3,Empresa PROV-0480,Santa Fe,Catering
PROV-0481,30-14047716-4,Empresa PROV-0481,Córdoba,Limpieza
PROV-0482,30-31931141-8,Empresa PROV-0482,Santa Fe,Librería
PROV-0483,30-12712557-1,Empresa PROV-0483,Santa Fe,Consultoría
PROV-0484,30-50794172-5,Empresa PROV-0484,CABA,Mantenimiento
PROV-0485,30-23769417-8,Empresa PROV-0485,Neuquén,Hardware
PROV-0486,30-64179741-9,Empresa PROV-0486,Neuquén,Mantenimiento
PROV-0487,30-89148462-4,Empresa PROV-0487,Santa Fe,Librería
PROV-0488,30-34570655-3,Empresa PROV-0488,CABA,Mantenimiento
PROV-0489,30-66050136-4,Empresa PROV-0489,Córdoba,Limpieza
PROV-0490,30-60533901-7,Empresa PROV-0490,Córdoba,Consultoría
PROV-0491,30-40812595-0,Empresa PROV-0491,Neuquén,Consultoría
PROV-0492,30-73878925-2,Empresa PROV-0492,Mendoza,Catering
PROV-0493,30-92892865-8,Empresa PROV-0493,CABA,Catering
PROV-0494,30-42074750-2,Empresa PROV-0494,Córdoba,Librería
PROV-0495,30-13356472-3,Empresa PROV-0495,Neuquén,Librería
PROV-0496,30-72942637-5,Empresa PROV-0496,Buenos Aires,Limpieza
PROV-0497,30-12353802-6,Empresa PROV-0497,CABA,Consultoría
PROV-0498,30-21178395-7,Empresa PROV-0498,Neuquén,Mantenimiento
PROV-0499,30-62291571-0,Empresa PROV-0499,Mendoza,Catering
PROV-0500,30-29502030-3,Empresa PROV-0500,CABA,Mantenimiento
PROV-0501,30-57598928-9,Empresa PROV-0501,Mendoza,Hardware
PROV-0502,30-56699839-5,Empresa PROV-0502,Neuquén,Hardware
PROV-0503,30-62485644-8,Empresa PROV-0503,Buenos Aires,Mantenimiento
PROV-0504,30-81813917-2,Empresa PROV-0504,CABA,Limpieza
PROV-0505,30-36271556-3,Empresa PROV-0505,Santa Fe,Catering
PROV-0506,30-17826679-1,Empresa PROV-0506,Mendoza,Consultoría
PROV-0507,30-12639890-7,Empresa PROV-0507,Buenos Aires,Consultoría
PROV-0508,30-89744608-3,Empresa PROV-0508,Buenos Aires,Consultoría
PROV-0509,30-17472130-8,Empresa PROV-0509,Santa Fe,Hardware
PROV-0510,30-94648541-6,Empresa PROV-0510,Mendoza,Limpieza
PROV-0511,30-77229052-0,Empresa PROV-0511,Mendoza,Librería
PROV-0512,30-24471405-7,Empresa PROV-0512,Córdoba,Consultoría
PROV-0513,30-10653603-3,Empresa PROV-0513,Córdoba,Limpieza
PROV-0514,30-93693307-9,Empresa PROV-0514,CABA,Librería
PROV-0515,30-44919592-1,Empresa PROV-0515,Santa Fe,Librería
PROV-0516,30-22294731-0,Empresa PROV-0516,Mendoza,Catering
PROV-0517,30-89300096-8,Empresa PROV-0517,Santa Fe,Hardware
PROV-0518,30-40948755-8,Empresa PROV-0518,Neuquén,Catering
PROV-0519,30-55576852-0,Empresa PROV-0519,Santa Fe,Hardware
PROV-0520,30-18111707-4,Empresa PROV-0520,Santa Fe,Hardware
PROV-0521,30-92383559-9,Empresa PROV-0521,Neuquén,Mantenimiento
PROV-0522,30-23218254-6,Empresa PROV-0522,Neuquén,Librería
PROV-0523,30-87630317-1,Empresa PROV-0523,Neuquén,Limpieza
PROV-0524,30-83213349-6,Empresa PROV-0524,Córdoba,Hardware
PROV-0525,30-28282550-5,Empresa PROV-0525,Santa Fe,Limpieza
PROV-0526,30-91051868-3,Empresa PROV-0526,Neuquén,Librería
PROV-0527,30-13786787-8,Empresa PROV-0527,CABA,Librería
PROV-0528,30-80241399-5,Empresa PROV-0528,Mendoza,Catering
PROV-0529,30-59099234-8,Empresa PROV-0529,CABA,Catering
PROV-0530,30-82949148-9,Empresa PROV-0530,Santa Fe,Mantenimiento
PROV-0531,30-85864438-6,Empresa PROV-0531,Buenos Aires,Librería
PROV-0532,30-15377102-7,Empresa PROV-0532,Neuquén,Mantenimiento
PROV-0533,30-18125190-5,Empresa PROV-0533,Santa Fe,Catering
PROV-0534,30-81047566-3,Empresa PROV-0534,CABA,Catering
PROV-0535,30-68866536-7,Empresa PROV-0535,Buenos Aires,Limpieza
PROV-0536,30-74133084-4,Empresa PROV-0536,CABA,Librería
PROV-0537,30-19583450-5,Empresa PROV-0537,Neuquén,Hardware
PROV-0538,30-13090623-0,Empresa PROV-0538,Buenos Aires,Consultoría
PROV-0539,30-30321684-8,Empresa PROV-0539,CABA,Catering
PROV-0540,30-52480829-7,Empresa PROV-0540,Neuquén,Consultoría
PROV-0541,30-97713801-4,Empresa PROV-0541,Neuquén,Librería
PROV-0542,30-44112160-5,Empresa PROV-0542,Buenos Aires,Consultoría
PROV-0543,30-83388217-5,Empresa PROV-0543,Buenos Aires,Catering
PROV-0544,30-29470043-3,Empresa PROV-0544,Mendoza,Limpieza
PROV-0545,30-21770226-3,Empresa PROV-0545,CABA,Consultoría
PROV-0546,30-63978593-6,Empresa PROV-0546,Córdoba,Hardware
PROV-0547,30-71253603-3,Empresa PROV-0547,CABA,Mantenimiento
PROV-0548,30-20982573-6,Empresa PROV-0548,Mendoza,Catering
PROV-0549,30-34563839-8,Empresa PROV-0549,Córdoba,Catering
PROV-0550,30-93698268-2,Empresa PROV-0550,Neuquén,Mantenimiento
PROV-0551,30-35955345-3,Empresa PROV-0551,CABA,Mantenimiento
PROV-0552,30-46812307-6,Empresa PROV-0552,Córdoba,Mantenimiento
PROV-0553,30-64811638-9,Empresa PROV-0553,Buenos Aires,Librería
PROV-0554,30-34237277-6,Empresa PROV-0554,Neuquén,Consultoría
PROV-0555,30-46908119-3,Empresa PROV-0555,Mendoza,Consultoría
PROV-0556,30-34873906-8,Empresa PROV-0556,Buenos Aires,Limpieza
PROV-0557,30-37740862-7,Empresa PROV-0557,Santa Fe,Consultoría
PROV-0558,30-96473628-1,Empresa PROV-0558,Santa Fe,Mantenimiento
PROV-0559,30-53142589-7,Empresa PROV-0559,Buenos Aires,Consultoría
PROV-0560,30-97016939-5,Empresa PROV-0560,CABA,Librería
PROV-0561,30-64150635-6,Empresa PROV-0561,Santa Fe,Limpieza
PROV-0562,30-59876746-1,Empresa PROV-0562,Córdoba,Limpieza
PROV-0563,30-28544531-0,Empresa PROV-0563,Mendoza,Consultoría
PROV-0564,30-90658395-6,Empresa PROV-0564,Mendoza,Consultoría
PROV-0565,30-25447103-7,Empresa PROV-0565,Buenos Aires,Mantenimiento
PROV-0566,30-70516856-8,Empresa PROV-0566,Neuquén,Librería
PROV-0567,30-51228600-4,Empresa PROV-0567,Córdoba,Catering
PROV-0568,30-49245369-4,Empresa PROV-0568,Santa Fe,Hardware
PROV-0569,30-61045179-8,Empresa PROV-0569,Neuquén,Consultoría
PROV-0570,30-96088869-7,Empresa PROV-0570,Buenos Aires,Consultoría
PROV-0571,30-86589272-0,Empresa PROV-0571,Córdoba,Consultoría
PROV-0572,30-32420990-1,Empresa PROV-0572,Santa Fe,Limpieza
PROV-0573,30-44969474-6,Empresa PROV-0573,Neuquén,Hardware
PROV-0574,30-16778007-5,Empresa PROV-0574,Mendoza,Consultoría
PROV-0575,30-38542248-3,Empresa PROV-0575,Córdoba,Mantenimiento
PROV-0576,30-13690565-6,Empresa PROV-0576,Neuquén,Librería
PROV-0577,30-90488965-7,Empresa PROV-0577,Santa Fe,Catering
PROV-0578,30-95999418-4,Empresa PROV-0578,Mendoza,Mantenimiento
PROV-0579,30-25002704-1,Empresa PROV-0579,Santa Fe,Limpieza
PROV-0580,30-29371182-7,Empresa PROV-0580,Buenos Aires,Librería
PROV-0581,30-55184355-1,Empresa PROV-0581,CABA,Librería
PROV-0582,30-74311687-2,Empresa PROV-0582,Santa Fe,Hardware
PROV-0583,30-81742589-8,Empresa PROV-0583,Neuquén,Mantenimiento
PROV-0584,30-27656867-3,Empresa PROV-0584,Santa Fe,Catering
PROV-0585,30-43974090-4,Empresa PROV-0585,Mendoza,Consultoría
PROV-0586,30-33134158-1,Empresa PROV-0586,Mendoza,Mantenimiento
PROV-0587,30-33427306-6,Empresa PROV-0587,Buenos Aires,Limpieza
PROV-0588,30-20742723-8,Empresa PROV-0588,Buenos Aires,Librería
PROV-0589,30-94314434-3,Empresa PROV-0589,Santa Fe,Librería
PROV-0590,30-22290585-9,Empresa PROV-0590,Córdoba,Librería
PROV-0591,30-41852833-9,Empresa PROV-0591,Buenos Aires,Librería
PROV-0592,30-26125296-9,Empresa PROV-0592,Buenos Aires,Hardware
PROV-0593,30-66040913-3,Empresa PROV-0593,CABA,Hardware
PROV-0594,30-16856752-8,Empresa PROV-0594,Mendoza,Consultoría
PROV-0595,30-79187540-6,Empresa PROV-0595,Mendoza,Hardware
PROV-0596,30-25432733-9,Empresa PROV-0596,Córdoba,Catering
PROV-0597,30-78132962-5,Empresa PROV-0597,Mendoza,Catering
PROV-0598,30-54307190-7,Empresa PROV-0598,Neuquén,Limpieza
PROV-0599,30-18368679-4,Empresa PROV-0599,Córdoba,Librería
PROV-0600,30-70437157-2,Empresa PROV-0600,CABA,Mantenimiento
PROV-0601,30-66060502-1,Empresa PROV-0601,Mendoza,Librería
PROV-0602,30-52536278-5,Empresa PROV-0602,CABA,Hardware
PROV-0603,30-23711702-3,Empresa PROV-0603,CABA,Limpieza
PROV-0604,30-86262982-7,Empresa PROV-0604,Mendoza,Librería
PROV-0605,30-26310684-4,Empresa PROV-0605,Córdoba,Mantenimiento
PROV-0606,30-92971553-4,Empresa PROV-0606,Buenos Aires,Consultoría
PROV-0607,30-32261284-2,Empresa PROV-0607,Mendoza,Librería
PROV-0608,30-21228727-7,Empresa PROV-0608,Santa Fe,Consultoría
PROV-0609,30-99194907-9,Empresa PROV-0609,Neuquén,Consultoría
PROV-0610,30-10702156-0,Empresa PROV-0610,Mendoza,Mantenimiento
PROV-0611,30-40446107-9,Empresa PROV-0611,Córdoba,Librería
PROV-0612,30-81246204-4,Empresa PROV-0612,Mendoza,Hardware
PROV-0613,30-97100795-7,Empresa PROV-0613,Mendoza,Librería
PROV-0614,30-65312863-1,Empresa PROV-0614,Córdoba,Consultoría
PROV-0615,30-21195215-6,Empresa PROV-0615,CABA,Mantenimiento
PROV-0616,30-24249858-3,Empresa PROV-0616,CABA,Consultoría
PROV-0617,30-62980615-2,Empresa PROV-0617,Santa Fe,Librería
PROV-0618,30-31944338-7,Empresa PROV-0618,CABA,Mantenimiento
PROV-0619,30-33831875-3,Empresa PROV-0619,CABA,Consultoría
PROV-0620,30-16740197-9,Empresa PROV-0620,Neuquén,Limpieza
PROV-0621,30-13057224-3,Empresa PROV-0621,Neuquén,Consultoría
PROV-0622,30-71992675-5,Empresa PROV-0622,CABA,Catering
PROV-0623,30-72781665-5,Empresa PROV-0623,Neuquén,Catering
PROV-0624,30-50199311-6,Empresa PROV-0624,Neuquén,Hardware
PROV-0625,30-58480480-0,Empresa PROV-0625,Buenos Aires,Librería
PROV-0626,30-86816532-1,Empresa PROV-0626,Córdoba,Hardware
PROV-0627,30-21414656-8,Empresa PROV-0627,Santa Fe,Hardware
PROV-0628,30-89872574-6,Empresa PROV-0628,Neuquén,Consultoría
PROV-0629,30-92981541-9,Empresa PROV-0629,Buenos Aires,Hardware
PROV-0630,30-35837597-7,Empresa PROV-0630,CABA,Librería
PROV-0631,30-34187267-5,Empresa PROV-0631,Córdoba,Catering
PROV-0632,30-82209623-2,Empresa PROV-0632,Neuquén,Catering
PROV-0633,30-87449455-4,Empresa PROV-0633,CABA,Limpieza
PROV-0634,30-42500303-4,Empresa PROV-0634,Neuquén,Limpieza
PROV-0635,30-43657612-3,Empresa PROV-0635,Córdoba,Limpieza
PROV-0636,30-10118956-5,Empresa PROV-0636,CABA,Limpieza
PROV-0637,30-97793832-0,Empresa PROV-0637,Córdoba,Hardware
PROV-0638,30-57699251-0,Empresa PROV-0638,CABA,Catering
PROV-0639,30-88918807-6,Empresa PROV-0639,Buenos Aires,Librería
PROV-0640,30-47114316-4,Empresa PROV-0640,Córdoba,Librería
PROV-0641,30-29459428-6,Empresa PROV-0641,Buenos Aires,Librería
PROV-0642,30-80487841-9,Empresa PROV-0642,Santa Fe,Librería
PROV-0643,30-78527946-0,Empresa PROV-0643,CABA,Mantenimiento
PROV-0644,30-62417408-3,Empresa PROV-0644,Neuquén,Mantenimiento
PROV-0645,30-40522827-9,Empresa PROV-0645,Córdoba,Catering
PROV-0646,30-30149303-9,Empresa PROV-0646,CABA,Mantenimiento
PROV-0647,30-44104160-4,Empresa PROV-0647,Neuquén,Catering
PROV-0648,30-49130271-9,Empresa PROV-0648,CABA,Mantenimiento
PROV-0649,30-55428469-0,Empresa PROV-0649,Buenos Aires,Limpieza
PROV-0650,30-72041220-5,Empresa PROV-0650,CABA,Hardware
PROV-0651,30-10427318-9,Empresa PROV-0651,Santa Fe,Mantenimiento
PROV-0652,30-26701958-5,Empresa PROV-0652,Mendoza,Hardware
PROV-0653,30-23110601-5,Empresa PROV-0653,Córdoba,Limpieza
PROV-0654,30-52017412-9,Empresa PROV-0654,Córdoba,Limpieza
PROV-0655,30-44089745-6,Empresa PROV-0655,Neuquén,Consultoría
PROV-0656,30-47088081-4,Empresa PROV-0656,Córdoba,Mantenimiento
PROV-0657,30-36499817-5,Empresa PROV-0657,Neuquén,Catering
PROV-0658,30-50685963-9,Empresa PROV-0658,Neuquén,Hardware
PROV-0659,30-85536414-1,Empresa PROV-0659,Mendoza,Consultoría
PROV-0660,30-11237975-7,Empresa PROV-0660,Córdoba,Mantenimiento
PROV-0661,30-55227169-9,Empresa PROV-0661,Neuquén,Librería
PROV-0662,30-59279860-6,Empresa PROV-0662,Mendoza,Limpieza
PROV-0663,30-48674832-3,Empresa PROV-0663,Santa Fe,Hardware
PROV-0664,30-28843187-1,Empresa PROV-0664,Buenos Aires,Catering
PROV-0665,30-39715909-7,Empresa PROV-0665,CABA,Hardware
PROV-0666,30-73496720-4,Empresa PROV-0666,CABA,Limpieza
PROV-0667,30-58144062-6,Empresa PROV-0667,Neuquén,Hardware
PROV-0668,30-79642259-7,Empresa PROV-0668,Santa Fe,Hardware
PROV-0669,30-22790278-1,Empresa PROV-0669,Mendoza,Consultoría
PROV-0670,30-80306722-7,Empresa PROV-0670,Buenos Aires,Librería
PROV-0671,30-26802987-2,Empresa PROV-0671,Córdoba,Librería
PROV-0672,30-49000602-1,Empresa PROV-0672,Santa Fe,Mantenimiento
PROV-0673,30-64432765-3,Empresa PROV-0673,CABA,Mantenimiento
PROV-0674,30-35432872-7,Empresa PROV-0674,CABA,Hardware
PROV-0675,30-25031115-4,Empresa PROV-0675,Córdoba,Consultoría
PROV-0676,30-73970626-5,Empresa PROV-0676,Mendoza,Mantenimiento
PROV-0677,30-86385711-3,Empresa PROV-0677,Mendoza,Limpieza
PROV-0678,30-25975367-9,Empresa PROV-0678,Santa Fe,Mantenimiento
PROV-0679,30-49031000-6,Empresa PROV-0679,CABA,Limpieza
PROV-0680,30-58586067-2,Empresa PROV-0680,Neuquén,Limpieza
PROV-0681,30-75920041-7,Empresa PROV-0681,Santa Fe,Hardware
PROV-0682,30-23481871-1,Empresa PROV-0682,Córdoba,Hardware
PROV-0683,30-27479466-6,Empresa PROV-0683,Mendoza,Librería
PROV-0684,30-68755821-8,Empresa PROV-0684,CABA,Mantenimiento
PROV-0685,30-12283426-6,Empresa PROV-0685,CABA,Catering
PROV-0686,30-17658090-9,Empresa PROV-0686,CABA,Catering
PROV-0687,30-24595579-8,Empresa PROV-0687,Buenos Aires,Mantenimiento
PROV-0688,30-17796414-8,Empresa PROV-0688,Buenos Aires,Consultoría
PROV-0689,30-65092065-3,Empresa PROV-0689,Neuquén,Catering
PROV-0690,30-19868135-1,Empresa PROV-0690,Neuquén,Librería
PROV-0691,30-22976515-7,Empresa PROV-0691,Buenos Aires,Hardware
PROV-0692,30-23378536-4,Empresa PROV-0692,Córdoba,Catering
PROV-0693,30-11244805-0,Empresa PROV-0693,CABA,Librería
PROV-0694,30-28591719-9,Empresa PROV-0694,Santa Fe,Librería
PROV-0695,30-21398140-7,Empresa PROV-0695,CABA,Catering
PROV-0696,30-85461963-6,Empresa PROV-0696,Neuquén,Consultoría
PROV-0697,30-65815164-6,Empresa PROV-0697,Santa Fe,Mantenimiento
PROV-0698,30-36085312-1,Empresa PROV-0698,Santa Fe,Hardware
PROV-0699,30-51185364-5,Empresa PROV-0699,Mendoza,Catering
PROV-0700,30-12654404-3,Empresa PROV-0700,Mendoza,Consultoría
PROV-0701,30-12816397-5,Empresa PROV-0701,Buenos Aires,Catering
PROV-0702,30-66636984-9,Empresa PROV-0702,Córdoba,Hardware
PROV-0703,30-59727998-5,Empresa PROV-0703,Santa Fe,Mantenimiento
PROV-0704,30-71353790-3,Empresa PROV-0704,Buenos Aires,Librería
PROV-0705,30-83736602-1,Empresa PROV-0705,Santa Fe,Catering
PROV-0706,30-72009708-6,Empresa PROV-0706,Neuquén,Librería
PROV-0707,30-81251077-6,Empresa PROV-0707,Buenos Aires,Hardware
PROV-0708,30-98019715-6,Empresa PROV-0708,CABA,Consultoría
PROV-0709,30-85305377-0,Empresa PROV-0709,Santa Fe,Limpieza
PROV-0710,30-78935477-8,Empresa PROV-0710,Córdoba,Mantenimiento
PROV-0711,30-93044277-9,Empresa PROV-0711,CABA,Librería
PROV-0712,30-59968632-6,Empresa PROV-0712,Santa Fe,Mantenimiento
PROV-0713,30-93080437-0,Empresa PROV-0713,Santa Fe,Limpieza
PROV-0714,30-36852720-8,Empresa PROV-0714,Córdoba,Limpieza
PROV-0715,30-40013315-5,Empresa PROV-0715,Mendoza,Mantenimiento
PROV-0716,30-94198734-7,Empresa PROV-0716,Buenos Aires,Consultoría
PROV-0717,30-54132117-0,Empresa PROV-0717,Córdoba,Limpieza
PROV-0718,30-41471989-6,Empresa PROV-0718,Mendoza,Mantenimiento
PROV-0719,30-11636845-2,Empresa PROV-0719,CABA,Mantenimiento
PROV-0720,30-86924270-8,Empresa PROV-0720,Buenos Aires,Limpieza
PROV-0721,30-10355597-5,Empresa PROV-0721,Neuquén,Mantenimiento
PROV-0722,30-61210055-6,Empresa PROV-0722,Córdoba,Mantenimiento
PROV-0723,30-93195655-0,Empresa PROV-0723,Santa Fe,Consultoría
PROV-0724,30-48735361-4,Empresa PROV-0724,Córdoba,Librería
PROV-0725,30-83755123-6,Empresa PROV-0725,Santa Fe,Librería
PROV-0726,30-89050075-9,Empresa PROV-0726,Santa Fe,Mantenimiento
PROV-0727,30-67486590-5,Empresa PROV-0727,Córdoba,Mantenimiento
PROV-0728,30-11598217-3,Empresa PROV-0728,Neuquén,Consultoría
PROV-0729,30-26421524-3,Empresa PROV-0729,Mendoza,Consultoría
PROV-0730,30-31965580-2,Empresa PROV-0730,Neuquén,Mantenimiento
PROV-0731,30-14141901-2,Empresa PROV-0731,CABA,Catering
PROV-0732,30-24272015-5,Empresa PROV-0732,Neuquén,Catering
PROV-0733,30-50863679-3,Empresa PROV-0733,Neuquén,Consultoría
PROV-0734,30-23688635-7,Empresa PROV-0734,Buenos Aires,Hardware
PROV-0735,30-71145356-8,Empresa PROV-0735,Neuquén,Limpieza
PROV-0736,30-32142474-7,Empresa PROV-0736,Neuquén,Consultoría
PROV-0737,30-80856645-3,Empresa PROV-0737,Mendoza,Consultoría
PROV-0738,30-84307577-5,Empresa PROV-0738,CABA,Consultoría
PROV-0739,30-97169714-7,Empresa PROV-0739,CABA,Limpieza
PROV-0740,30-45958508-3,Empresa PROV-0740,CABA,Hardware
PROV-0741,30-59033507-4,Empresa PROV-0741,Buenos Aires,Mantenimiento
PROV-0742,30-81947316-2,Empresa PROV-0742,Buenos Aires,Hardware
PROV-0743,30-53955828-5,Empresa PROV-0743,CABA,Librería
PROV-0744,30-61507222-9,Empresa PROV-0744,Córdoba,Catering
PROV-0745,30-75075046-4,Empresa PROV-0745,Mendoza,Librería
PROV-0746,30-27615268-9,Empresa PROV-0746,Córdoba,Consultoría
PROV-0747,30-65111850-0,Empresa PROV-0747,CABA,Librería
PROV-0748,30-18873734-3,Empresa PROV-0748,Santa Fe,Hardware
PROV-0749,30-57540748-2,Empresa PROV-0749,Neuquén,Mantenimiento
PROV-0750,30-94188577-6,Empresa PROV-0750,Santa Fe,Consultoría
PROV-0751,30-71431722-3,Empresa PROV-0751,Neuquén,Consultoría
PROV-0752,30-75606238-3,Empresa PROV-0752,Mendoza,Limpieza
PROV-0753,30-13136591-0,Empresa PROV-0753,Buenos Aires,Limpieza
PROV-0754,30-24473352-5,Empresa PROV-0754,Neuquén,Limpieza
PROV-0755,30-93115351-0,Empresa PROV-0755,Neuquén,Librería
PROV-0756,30-72842999-2,Empresa PROV-0756,Santa Fe,Hardware
PROV-0757,30-59529581-2,Empresa PROV-0757,CABA,Catering
PROV-0758,30-41284196-5,Empresa PROV-0758,Córdoba,Consultoría
PROV-0759,30-86118538-2,Empresa PROV-0759,CABA,Librería
PROV-0760,30-57256818-3,Empresa PROV-0760,Santa Fe,Librería
PROV-0761,30-91695863-0,Empresa PROV-0761,Santa Fe,Catering
PROV-0762,30-94572446-8,Empresa PROV-0762,Mendoza,Librería
PROV-0763,30-83268965-5,Empresa PROV-0763,Santa Fe,Consultoría
PROV-0764,30-14533784-5,Empresa PROV-0764,CABA,Hardware
PROV-0765,30-47228791-9,Empresa PROV-0765,Córdoba,Limpieza
PROV-0766,30-86774058-4,Empresa PROV-0766,Neuquén,Mantenimiento
PROV-0767,30-80755234-0,Empresa PROV-0767,Buenos Aires,Mantenimiento
PROV-0768,30-72027082-8,Empresa PROV-0768,CABA,Consultoría
PROV-0769,30-63035195-8,Empresa PROV-0769,CABA,Mantenimiento
PROV-0770,30-87753181-8,Empresa PROV-0770,Buenos Aires,Librería
PROV-0771,30-97129139-0,Empresa PROV-0771,Buenos Aires,Limpieza
PROV-0772,30-99212765-1,Empresa PROV-0772,Córdoba,Catering
PROV-0773,30-24412608-2,Empresa PROV-0773,Neuquén,Hardware
PROV-0774,30-74985031-0,Empresa PROV-0774,Neuquén,Librería
PROV-0775,30-35057110-9,Empresa PROV-0775,Neuquén,Librería
PROV-0776,30-44623431-4,Empresa PROV-0776,Santa Fe,Limpieza
PROV-0777,30-97627133-3,Empresa PROV-0777,Buenos Aires,Hardware
PROV-0778,30-82951783-3,Empresa PROV-0778,CABA,Consultoría
PROV-0779,30-15714876-6,Empresa PROV-0779,Mendoza,Limpieza
PROV-0780,30-47046902-3,Empresa PROV-0780,Buenos Aires,Librería
PROV-0781,30-68801106-9,Empresa PROV-0781,Córdoba,Hardware
PROV-0782,30-38117712-2,Empresa PROV-0782,Córdoba,Hardware
PROV-0783,30-51940218-9,Empresa PROV-0783,Santa Fe,Mantenimiento
PROV-0784,30-86950961-4,Empresa PROV-0784,Buenos Aires,Hardware
PROV-0785,30-85171620-0,Empresa PROV-0785,CABA,Hardware
PROV-0786,30-22304970-8,Empresa PROV-0786,Mendoza,Librería
PROV-0787,30-29041776-1,Empresa PROV-0787,Neuquén,Mantenimiento
PROV-0788,30-91331412-3,Empresa PROV-0788,Neuquén,Hardware
PROV-0789,30-79595507-8,Empresa PROV-0789,Neuquén,Catering
PROV-0790,30-37808910-6,Empresa PROV-0790,CABA,Limpieza
PROV-0791,30-41507625-9,Empresa PROV-0791,CABA,Hardware
PROV-0792,30-91479686-7,Empresa PROV-0792,Neuquén,Librería
PROV-0793,30-95553226-1,Empresa PROV-0793,Santa Fe,Hardware
PROV-0794,30-22171958-5,Empresa PROV-0794,Santa Fe,Limpieza
PROV-0795,30-69765582-1,Empresa PROV-0795,Santa Fe,Librería
PROV-0796,30-38527420-4,Empresa PROV-0796,Córdoba,Mantenimiento
PROV-0797,30-17843668-0,Empresa PROV-0797,Mendoza,Consultoría
PROV-0798,30-29177640-3,Empresa PROV-0798,CABA,Catering
PROV-0799,30-13617806-5,Empresa PROV-0799,Córdoba,Librería
PROV-0800,30-26049347-2,Empresa PROV-0800,Buenos Aires,Consultoría
PROV-0801,30-63663736-5,Empresa PROV-0801,Mendoza,Hardware
PROV-0802,30-35331392-2,Empresa PROV-0802,CABA,Limpieza
PROV-0803,30-18005538-7,Empresa PROV-0803,Córdoba,Librería
PROV-0804,30-82492131-4,Empresa PROV-0804,CABA,Mantenimiento
PROV-0805,30-19831098-6,Empresa PROV-0805,Santa Fe,Hardware
PROV-0806,30-97862438-2,Empresa PROV-0806,Neuquén,Hardware
PROV-0807,30-72355528-2,Empresa PROV-0807,Neuquén,Librería
PROV-0808,30-48745626-1,Empresa PROV-0808,Santa Fe,Hardware
PROV-0809,30-24535409-3,Empresa PROV-0809,Córdoba,Catering
PROV-0810,30-81111013-6,Empresa PROV-0810,Neuquén,Catering
PROV-0811,30-96917842-2,Empresa PROV-0811,Neuquén,Catering
PROV-0812,30-27784317-7,Empresa PROV-0812,CABA,Catering
PROV-0813,30-56192785-9,Empresa PROV-0813,Santa Fe,Consultoría
PROV-0814,30-93057846-5,Empresa PROV-0814,Córdoba,Mantenimiento
PROV-0815,30-38225500-3,Empresa PROV-0815,CABA,Consultoría
PROV-0816,30-33980611-1,Empresa PROV-0816,Mendoza,Consultoría
PROV-0817,30-87730221-6,Empresa PROV-0817,Mendoza,Mantenimiento
PROV-0818,30-32707887-8,Empresa PROV-0818,Buenos Aires,Limpieza
PROV-0819,30-91089573-9,Empresa PROV-0819,Santa Fe,Mantenimiento
PROV-0820,30-79427915-3,Empresa PROV-0820,Mendoza,Librería
PROV-0821,30-91941172-3,Empresa PROV-0821,Neuquén,Catering
PROV-0822,30-42057819-9,Empresa PROV-0822,Buenos Aires,Catering
PROV-0823,30-86389106-9,Empresa PROV-0823,Santa Fe,Librería
PROV-0824,30-13410260-2,Empresa PROV-0824,Santa Fe,Consultoría
PROV-0825,30-82430385-8,Empresa PROV-0825,Santa Fe,Librería
PROV-0826,30-43456987-0,Empresa PROV-0826,Córdoba,Mantenimiento
PROV-0827,30-92323337-9,Empresa PROV-0827,Neuquén,Consultoría
PROV-0828,30-79016600-6,Empresa PROV-0828,Buenos Aires,Consultoría
PROV-0829,30-15105579-2,Empresa PROV-0829,Mendoza,Catering
PROV-0830,30-54313949-6,Empresa PROV-0830,Neuquén,Hardware
PROV-0831,30-31764562-1,Empresa PROV-0831,Buenos Aires,Mantenimiento
PROV-0832,30-87821738-4,Empresa PROV-0832,Buenos Aires,Limpieza
PROV-0833,30-87175500-7,Empresa PROV-0833,Mendoza,Librería
PROV-0834,30-16305962-2,Empresa PROV-0834,Santa Fe,Mantenimiento
PROV-0835,30-99882980-6,Empresa PROV-0835,Córdoba,Consultoría
PROV-0836,30-29542087-4,Empresa PROV-0836,Buenos Aires,Mantenimiento
PROV-0837,30-64178373-5,Empresa PROV-0837,Buenos Aires,Librería
PROV-0838,30-65516226-9,Empresa PROV-0838,Mendoza,Catering
PROV-0839,30-44310770-0,Empresa PROV-0839,Santa Fe,Mantenimiento
PROV-0840,30-98623419-7,Empresa PROV-0840,Córdoba,Consultoría
PROV-0841,30-20691608-0,Empresa PROV-0841,Mendoza,Consultoría
PROV-0842,30-53253884-9,Empresa PROV-0842,Córdoba,Limpieza
PROV-0843,30-54770679-7,Empresa PROV-0843,Córdoba,Limpieza
PROV-0844,30-93828996-2,Empresa PROV-0844,Córdoba,Catering
PROV-0845,30-77063254-5,Empresa PROV-0845,Neuquén,Catering
PROV-0846,30-64704228-5,Empresa PROV-0846,Santa Fe,Mantenimiento
PROV-0847,30-20315214-3,Empresa PROV-0847,CABA,Librería
PROV-0848,30-90070332-5,Empresa PROV-0848,Buenos Aires,Consultoría
PROV-0849,30-92757475-6,Empresa PROV-0849,Mendoza,Mantenimiento
PROV-0850,30-64011805-8,Empresa PROV-0850,Neuquén,Catering
PROV-0851,30-20105707-6,Empresa PROV-0851,Neuquén,Catering
PROV-0852,30-73959139-2,Empresa PROV-0852,Córdoba,Librería
PROV-0853,30-46720876-2,Empresa PROV-0853,Santa Fe,Catering
PROV-0854,30-29916500-7,Empresa PROV-0854,Santa Fe,Catering
PROV-0855,30-78006178-0,Empresa PROV-0855,Córdoba,Limpieza
PROV-0856,30-95857931-8,Empresa PROV-0856,Santa Fe,Librería
PROV-0857,30-66553431-3,Empresa PROV-0857,Neuquén,Mantenimiento
PROV-0858,30-65642934-4,Empresa PROV-0858,Santa Fe,Limpieza
PROV-0859,30-62175204-2,Empresa PROV-0859,Santa Fe,Consultoría
PROV-0860,30-21567937-1,Empresa PROV-0860,Santa Fe,Consultoría
PROV-0861,30-81207209-9,Empresa PROV-0861,Neuquén,Librería
PROV-0862,30-80385964-1,Empresa PROV-0862,Mendoza,Mantenimiento
PROV-0863,30-78309642-7,Empresa PROV-0863,Córdoba,Consultoría
PROV-0864,30-56216938-2,Empresa PROV-0864,Neuquén,Consultoría
PROV-0865,30-76438065-3,Empresa PROV-0865,Mendoza,Consultoría
PROV-0866,30-27440220-9,Empresa PROV-0866,CABA,Mantenimiento
PROV-0867,30-39227265-8,Empresa PROV-0867,Mendoza,Catering
PROV-0868,30-51395897-1,Empresa PROV-0868,Córdoba,Limpieza
PROV-0869,30-48299897-1,Empresa PROV-0869,Córdoba,Librería
PROV-0870,30-25789157-8,Empresa PROV-0870,Buenos Aires,Catering
PROV-0871,30-54071129-1,Empresa PROV-0871,Neuquén,Catering
PROV-0872,30-64142102-9,Empresa PROV-0872,Buenos Aires,Limpieza
PROV-0873,30-97598066-6,Empresa PROV-0873,Neuquén,Catering
PROV-0874,30-27799195-3,Empresa PROV-0874,Santa Fe,Mantenimiento
PROV-0875,30-67576613-0,Empresa PROV-0875,Buenos Aires,Librería
PROV-0876,30-62977874-9,Empresa PROV-0876,Santa Fe,Mantenimiento
PROV-0877,30-17407940-0,Empresa PROV-0877,Santa Fe,Limpieza
PROV-0878,30-35557111-0,Empresa PROV-0878,Córdoba,Mantenimiento
PROV-0879,30-33562826-6,Empresa PROV-0879,Mendoza,Hardware
PROV-0880,30-81887693-3,Empresa PROV-0880,CABA,Catering
PROV-0881,30-46516584-1,Empresa PROV-0881,Mendoza,Consultoría
PROV-0882,30-72343860-3,Empresa PROV-0882,Santa Fe,Hardware
PROV-0883,30-27093262-6,Empresa PROV-0883,Buenos Aires,Hardware
PROV-0884,30-97852975-6,Empresa PROV-0884,CABA,Librería
PROV-0885,30-23960012-9,Empresa PROV-0885,Córdoba,Consultoría
PROV-0886,30-33755701-5,Empresa PROV-0886,Buenos Aires,Hardware
PROV-0887,30-16596310-4,Empresa PROV-0887,Neuquén,Mantenimiento
PROV-0888,30-91362511-5,Empresa PROV-0888,Neuquén,Consultoría
PROV-0889,30-83705345-9,Empresa PROV-0889,Santa Fe,Consultoría
PROV-0890,30-25063435-0,Empresa PROV-0890,CABA,Hardware
PROV-0891,30-90644379-0,Empresa PROV-0891,CABA,Hardware
PROV-0892,30-12177910-1,Empresa PROV-0892,Neuquén,Limpieza
PROV-0893,30-43966751-4,Empresa PROV-0893,Santa Fe,Consultoría
PROV-0894,30-37543260-5,Empresa PROV-0894,Córdoba,Mantenimiento
PROV-0895,30-74061166-6,Empresa PROV-0895,Neuquén,Hardware
PROV-0896,30-44557270-6,Empresa PROV-0896,Santa Fe,Hardware
PROV-0897,30-82645905-1,Empresa PROV-0897,Mendoza,Librería
PROV-0898,30-36717785-3,Empresa PROV-0898,CABA,Consultoría
PROV-0899,30-54559735-5,Empresa PROV-0899,Córdoba,Limpieza
PROV-0900,30-47126571-3,Empresa PROV-0900,CABA,Consultoría
PROV-0901,30-98952272-7,Empresa PROV-0901,Córdoba,Limpieza
PROV-0902,30-79713268-5,Empresa PROV-0902,Santa Fe,Mantenimiento
PROV-0903,30-24209828-2,Empresa PROV-0903,Mendoza,Hardware
PROV-0904,30-82637118-2,Empresa PROV-0904,Buenos Aires,Catering
PROV-0905,30-41385305-6,Empresa PROV-0905,Mendoza,Hardware
PROV-0906,30-77269341-7,Empresa PROV-0906,Córdoba,Consultoría
PROV-0907,30-39691010-9,Empresa PROV-0907,Mendoza,Hardware
PROV-0908,30-31958727-6,Empresa PROV-0908,Córdoba,Mantenimiento
PROV-0909,30-73950303-1,Empresa PROV-0909,Buenos Aires,Consultoría
PROV-0910,30-88329944-2,Empresa PROV-0910,CABA,Consultoría
PROV-0911,30-51508942-2,Empresa PROV-0911,Neuquén,Hardware
PROV-0912,30-74832146-3,Empresa PROV-0912,Córdoba,Hardware
PROV-0913,30-85731456-8,Empresa PROV-0913,Neuquén,Librería
PROV-0914,30-81599322-0,Empresa PROV-0914,Neuquén,Catering
PROV-0915,30-25135299-8,Empresa PROV-0915,Santa Fe,Librería
PROV-0916,30-17140540-3,Empresa PROV-0916,Buenos Aires,Mantenimiento
PROV-0917,30-23760159-5,Empresa PROV-0917,Mendoza,Hardware
PROV-0918,30-28964554-3,Empresa PROV-0918,Neuquén,Catering
PROV-0919,30-56377569-9,Empresa PROV-0919,Neuquén,Librería
PROV-0920,30-70758680-0,Empresa PROV-0920,CABA,Limpieza
PROV-0921,30-85493579-1,Empresa PROV-0921,Córdoba,Limpieza
PROV-0922,30-80266057-9,Empresa PROV-0922,Neuquén,Mantenimiento
PROV-0923,30-19193099-7,Empresa PROV-0923,Neuquén,Mantenimiento
PROV-0924,30-27399835-8,Empresa PROV-0924,Buenos Aires,Catering
PROV-0925,30-55157955-5,Empresa PROV-0925,CABA,Catering
PROV-0926,30-97540220-2,Empresa PROV-0926,Córdoba,Hardware
PROV-0927,30-46632558-7,Empresa PROV-0927,Córdoba,Catering
PROV-0928,30-42304173-5,Empresa PROV-0928,Neuquén,Consultoría
PROV-0929,30-97713002-5,Empresa PROV-0929,Buenos Aires,Librería
PROV-0930,30-69563255-4,Empresa PROV-0930,Santa Fe,Limpieza
PROV-0931,30-84631114-2,Empresa PROV-0931,Mendoza,Catering
PROV-0932,30-67098814-5,Empresa PROV-0932,Córdoba,Catering
PROV-0933,30-65258319-9,Empresa PROV-0933,CABA,Catering
PROV-0934,30-54293080-7,Empresa PROV-0934,Neuquén,Catering
PROV-0935,30-33961358-2,Empresa PROV-0935,Neuquén,Hardware
PROV-0936,30-13708496-6,Empresa PROV-0936,Santa Fe,Mantenimiento
PROV-0937,30-83329604-5,Empresa PROV-0937,Santa Fe,Limpieza
PROV-0938,30-27636000-4,Empresa PROV-0938,Mendoza,Limpieza
PROV-0939,30-87820190-6,Empresa PROV-0939,Buenos Aires,Librería
PROV-0940,30-92807141-7,Empresa PROV-0940,Mendoza,Mantenimiento
PROV-0941,30-88721920-7,Empresa PROV-0941,Santa Fe,Librería
PROV-0942,30-51857589-2,Empresa PROV-0942,Mendoza,Librería
PROV-0943,30-81242631-5,Empresa PROV-0943,Mendoza,Catering
PROV-0944,30-80974474-9,Empresa PROV-0944,Buenos Aires,Librería
PROV-0945,30-66229274-5,Empresa PROV-0945,CABA,Hardware
PROV-0946,30-55912300-6,Empresa PROV-0946,Santa Fe,Hardware
PROV-0947,30-53818664-1,Empresa PROV-0947,Buenos Aires,Mantenimiento
PROV-0948,30-50458115-7,Empresa PROV-0948,Buenos Aires,Limpieza
PROV-0949,30-49004148-9,Empresa PROV-0949,Neuquén,Catering
PROV-0950,30-22983767-0,Empresa PROV-0950,Buenos Aires,Mantenimiento
PROV-0951,30-89034947-9,Empresa PROV-0951,CABA,Catering
PROV-0952,30-24240439-0,Empresa PROV-0952,CABA,Librería
PROV-0953,30-36117635-9,Empresa PROV-0953,CABA,Limpieza
PROV-0954,30-17608013-7,Empresa PROV-0954,Neuquén,Librería
PROV-0955,30-51971474-4,Empresa PROV-0955,Neuquén,Consultoría
PROV-0956,30-96970814-6,Empresa PROV-0956,Buenos Aires,Limpieza
PROV-0957,30-71340238-9,Empresa PROV-0957,Neuquén,Catering
PROV-0958,30-25894229-4,Empresa PROV-0958,Santa Fe,Mantenimiento
PROV-0959,30-12053872-4,Empresa PROV-0959,Córdoba,Mantenimiento
PROV-0960,30-39247642-8,Empresa PROV-0960,Santa Fe,Catering
PROV-0961,30-89165389-0,Empresa PROV-0961,Mendoza,Consultoría
PROV-0962,30-47562924-2,Empresa PROV-0962,Mendoza,Consultoría
PROV-0963,30-89095333-5,Empresa PROV-0963,Mendoza,Librería
PROV-0964,30-68720977-0,Empresa PROV-0964,Mendoza,Consultoría
PROV-0965,30-17662155-5,Empresa PROV-0965,Neuquén,Catering
PROV-0966,30-97788800-6,Empresa PROV-0966,Córdoba,Consultoría
PROV-0967,30-48957798-9,Empresa PROV-0967,Santa Fe,Catering
PROV-0968,30-86535319-0,Empresa PROV-0968,Neuquén,Librería
PROV-0969,30-62870580-9,Empresa PROV-0969,Córdoba,Mantenimiento
PROV-0970,30-90165832-3,Empresa PROV-0970,CABA,Librería
PROV-0971,30-59820264-2,Empresa PROV-0971,CABA,Catering
PROV-0972,30-71743471-0,Empresa PROV-0972,Buenos Aires,Consultoría
PROV-0973,30-76142557-7,Empresa PROV-0973,Santa Fe,Hardware
PROV-0974,30-79504518-9,Empresa PROV-0974,Neuquén,Mantenimiento
PROV-0975,30-11262773-2,Empresa PROV-0975,CABA,Limpieza
PROV-0976,30-59496248-1,Empresa PROV-0976,Santa Fe,Hardware
PROV-0977,30-14083081-2,Empresa PROV-0977,Santa Fe,Catering
PROV-0978,30-64626443-4,Empresa PROV-0978,Mendoza,Consultoría
PROV-0979,30-96157822-5,Empresa PROV-0979,Santa Fe,Limpieza
PROV-0980,30-41049106-5,Empresa PROV-0980,CABA,Limpieza
PROV-0981,30-30561153-1,Empresa PROV-0981,Santa Fe,Catering
PROV-0982,30-76838840-3,Empresa PROV-0982,CABA,Limpieza
PROV-0983,30-69706692-1,Empresa PROV-0983,Santa Fe,Librería
PROV-0984,30-24925561-8,Empresa PROV-0984,Neuquén,Limpieza
PROV-0985,30-31636639-1,Empresa PROV-0985,Neuquén,Consultoría
PROV-0986,30-29351853-4,Empresa PROV-0986,Córdoba,Limpieza
PROV-0987,30-60866321-6,Empresa PROV-0987,Buenos Aires,Librería
PROV-0988,30-98938682-1,Empresa PROV-0988,Santa Fe,Limpieza
PROV-0989,30-77188738-3,Empresa PROV-0989,Santa Fe,Librería
PROV-0990,30-86543891-0,Empresa PROV-0990,CABA,Catering
PROV-0991,30-58883130-9,Empresa PROV-0991,Neuquén,Limpieza
PROV-0992,30-82195682-9,Empresa PROV-0992,Neuquén,Mantenimiento
PROV-0993,30-57533757-7,Empresa PROV-0993,CABA,Mantenimiento
PROV-0994,30-99685472-5,Empresa PROV-0994,Buenos Aires,Hardware
PROV-0995,30-11683353-2,Empresa PROV-0995,Mendoza,Limpieza
PROV-0996,30-54697014-6,Empresa PROV-0996,Buenos Aires,Limpieza
PROV-0997,30-49384271-6,Empresa PROV-0997,Buenos Aires,Librería
PROV-0998,30-37499518-8,Empresa PROV-0998,Buenos Aires,Librería
PROV-0999,30-33465145-0,Empresa PROV-0999,Santa Fe,Mantenimiento
PROV-1000,30-39690172-2,Empresa PROV-1000,Santa Fe,Mantenimiento